]633;E;echo '"日付","ステージ総合力","アイドル","楽曲名"';aa8feb23-ba47-4e20-8246-175ad578e3bb]633;C"日付","ステージ総合力","アイドル","楽曲名"
"24/12/31","13881","藤田 ことね","世界一可愛い私"
"25/01/21","13875","葛城 リーリヤ","Campus mode!!"
"25/02/04","13950","篠澤 広","ハッピーミルフィーユ"
"25/02/14","14334","十王 星南","ハッピーミルフィーユ"
"25/02/16","14052","十王 星南","ハッピーミルフィーユ"
"25/02/16","14190","十王 星南","ハッピーミルフィーユ"
"25/02/17","14202","十王 星南","ハッピーミルフィーユ"
"25/02/17","14601","十王 星南","ハッピーミルフィーユ"
"25/02/18","14508","十王 星南","ハッピーミルフィーユ"
"25/02/19","14415","十王 星南","ハッピーミルフィーユ"
"25/02/23","14349","月村 手毬","Luna say maybe"
"25/02/24","13911","月村 手毬","Luna say maybe"
"25/02/25","14901","藤田 ことね","Campus mode!!"
"25/02/26","13968","月村 手毬","アイヴイ"
"25/02/26","14175","花海 咲季","Campus mode!!"
"25/02/27","13941","月村 手毬","アイヴイ"
"25/02/27","14136","月村 手毬","アイヴイ"
"25/03/01","14193","倉本 千奈","雪解けに"
"25/03/01","14265","倉本 千奈","雪解けに"
"25/03/02","14379","倉本 千奈","雪解けに"
"25/03/03","13974","倉本 千奈","雪解けに"
"25/03/05","14304","倉本 千奈","雪解けに"
"25/03/06","14226","倉本 千奈","雪解けに"
"25/03/06","14352","倉本 千奈","雪解けに"
"25/03/08","13932","倉本 千奈","雪解けに"
"25/03/10","14382","倉本 千奈","雪解けに"
"25/03/12","14703","藤田 ことね","Campus mode!!"
"25/03/16","14340","藤田 ことね","Campus mode!!"
"25/03/20","14052","藤田 ことね","Campus mode!!"
"25/03/23","13692","葛城 リーリヤ","極光"
"25/03/23","13803","十王 星南","ハッピーミルフィーユ"
"25/03/24","14493","十王 星南","ハッピーミルフィーユ"
"25/03/25","13983","篠澤 広","ハッピーミルフィーユ"
"25/03/27","13071","葛城 リーリヤ","極光"
"25/03/29","14199","倉本 千奈","ようこそ初星温泉"
"25/04/02","14361","葛城 リーリヤ","白線"
"25/04/06","13947","葛城 リーリヤ","極光"
"25/04/18","13887","十王 星南","ハッピーミルフィーユ"
"25/04/25","14352","十王 星南","Our Chant"
"25/04/26","14448","十王 星南","Our Chant"
"25/04/26","14580","十王 星南","Our Chant"
"25/04/27","14427","花海 咲季","Campus mode!!"
"25/04/27","14520","十王 星南","Our Chant"
"25/05/01","13956","葛城 リーリヤ","Campus mode!!"
"25/05/03","14304","花海 咲季","冠菊"
"25/05/05","14091","花海 咲季","Campus mode!!"
"25/05/09","14130","花海 咲季","Campus mode!!"
"25/05/11","14289","十王 星南","Our Chant"
"25/05/12","14643","倉本 千奈","雪解けに"
"25/05/13","14001","倉本 千奈","Wonder Scale"
"25/05/13","14457","倉本 千奈","Wonder Scale"
"25/05/14","14244","十王 星南","Our Chant"
"25/05/14","14535","倉本 千奈","Wonder Scale"
"25/05/18","14007","花海 咲季","Campus mode!!"
"25/05/20","14304","月村 手毬","雨上がりのアイリス"
"25/05/23","14340","葛城 リーリヤ","極光"
"25/05/24","14733","葛城 リーリヤ","極光"
"25/05/24","14748","葛城 リーリヤ","極光"
"25/05/24","14913","葛城 リーリヤ","極光"
"25/05/24","14916","葛城 リーリヤ","極光"
"25/05/25","15069","月村 手毬","Luna say maybe"
"25/05/25","15249","倉本 千奈","ようこそ初星温泉"
"25/05/25","15429","藤田 ことね","世界一可愛い私"
"25/05/25","15741","藤田 ことね","世界一可愛い私"
"25/05/26","14037","篠澤 広","ハッピーミルフィーユ"
"25/05/26","14649","花海 咲季","Fighting My Way"
"25/05/26","15594","花海 咲季","Campus mode!!"
"25/05/26","16011","紫雲 清夏","Campus mode!!"
"25/05/28","15666","十王 星南","Our Chant"
"25/05/29","15153","姫崎 莉波","Campus mode!!"
"25/05/29","15795","十王 星南","Our Chant"
"25/06/03","15000","倉本 千奈","Howling over the World"
"25/06/03","15786","倉本 千奈","Howling over the World"
"25/06/04","14832","月村 手毬","アイヴイ"
"25/06/05","14664","花海 咲季","Campus mode!!"
"25/06/05","16077","紫雲 清夏","Campus mode!!"
"25/06/06","15753","十王 星南","小さな野望"
"25/06/08","14781","倉本 千奈","Howling over the World"
"25/06/08","14985","倉本 千奈","Howling over the World"
"25/06/09","14823","倉本 千奈","Howling over the World"
"25/06/09","15102","十王 星南","小さな野望"
"25/06/10","15612","倉本 千奈","Howling over the World"
"25/06/11","14913","倉本 千奈","Howling over the World"
"25/06/12","14286","倉本 千奈","ようこそ初星温泉"
"25/06/12","14961","倉本 千奈","Howling over the World"
"25/06/13","14547","月村 手毬","雨上がりのアイリス"
"25/06/14","15426","月村 手毬","雨上がりのアイリス"
"25/06/14","15927","藤田 ことね","Campus mode!!"
"25/06/14","15966","藤田 ことね","Campus mode!!"
"25/06/15","15432","十王 星南","Our Chant"
"25/06/15","15594","紫雲 清夏","Campus mode!!"
"25/06/15","15726","紫雲 清夏","Campus mode!!"
"25/06/16","16038","十王 星南","Our Chant"
"25/06/16","16053","十王 星南","Our Chant"
"25/06/17","15621","十王 星南","Campus mode!!"
"25/06/18","15267","葛城 リーリヤ","Howling over the World"
"25/06/18","15435","葛城 リーリヤ","Howling over the World"
"25/06/18","15549","葛城 リーリヤ","Howling over the World"
"25/06/19","15024","紫雲 清夏","Campus mode!!"
"25/06/19","15258","藤田 ことね","Campus mode!!"
"25/06/19","15858","紫雲 清夏","Campus mode!!"
"25/06/20","15357","紫雲 清夏","Campus mode!!"
"25/06/21","14418","紫雲 清夏","キミとセミブルー"
"25/06/21","15708","藤田 ことね","Campus mode!!"
"25/06/21","16113","藤田 ことね","Campus mode!!"
"25/06/22","15387","藤田 ことね","Yellow Big Bang！"
"25/06/22","15405","藤田 ことね","Yellow Big Bang！"
"25/06/23","14586","藤田 ことね","White Night! White Wish!"
"25/06/24","15258","藤田 ことね","Yellow Big Bang！"
"25/06/24","15663","藤田 ことね","Yellow Big Bang！"
"25/06/24","15828","藤田 ことね","Yellow Big Bang！"
"25/06/25","15477","紫雲 清夏","Campus mode!!"
"25/06/25","15495","紫雲 清夏","Campus mode!!"
"25/06/26","15270","倉本 千奈","ようこそ初星温泉"
"25/06/26","15297","倉本 千奈","ようこそ初星温泉"
"25/06/27","15384","倉本 千奈","ようこそ初星温泉"
"25/06/27","15951","倉本 千奈","日々、発見的ステップ！"
"25/06/28","14868","姫崎 莉波","Campus mode!!"
"25/06/28","14886","葛城 リーリヤ","Campus mode!!"
"25/06/28","14913","葛城 リーリヤ","Campus mode!!"
"25/06/29","15390","葛城 リーリヤ","Howling over the World"
"25/06/29","15543","葛城 リーリヤ","白線"
"25/06/29","15924","葛城 リーリヤ","Howling over the World"
"25/06/30","14799","秦谷 美鈴","ツキノカメ"
"25/06/30","15018","秦谷 美鈴","ツキノカメ"
"25/07/07","14253","紫雲 清夏","キミとセミブルー"
"25/07/07","15027","紫雲 清夏","キミとセミブルー"
"25/07/07","15213","秦谷 美鈴","ツキノカメ"
"25/07/07","15273","紫雲 清夏","キミとセミブルー"
"25/07/08","15189","紫雲 清夏","キミとセミブルー"
"25/07/08","15420","紫雲 清夏","キミとセミブルー"
"25/07/09","15306","紫雲 清夏","キミとセミブルー"
"25/07/09","15555","紫雲 清夏","キミとセミブルー"
"25/07/10","14751","紫雲 清夏","キミとセミブルー"
"25/07/10","15708","紫雲 清夏","キミとセミブルー"
"25/07/10","15717","紫雲 清夏","キミとセミブルー"
"25/07/11","15279","紫雲 清夏","キミとセミブルー"
"25/07/11","15423","紫雲 清夏","キミとセミブルー"
"25/07/11","15552","紫雲 清夏","キミとセミブルー"
"25/07/12","15348","紫雲 清夏","キミとセミブルー"
"25/07/13","14727","篠澤 広","光景"
"25/07/14","15024","篠澤 広","光景"
"25/07/17","14706","篠澤 広","光景"
"25/07/17","15168","篠澤 広","光景"
"25/07/18","14673","篠澤 広","光景"
"25/07/18","14724","篠澤 広","光景"
"25/07/18","14988","篠澤 広","光景"
"25/07/18","15330","篠澤 広","光景"
"25/07/18","15450","篠澤 広","光景"
"25/07/19","14262","倉本 千奈","Howling over the World"
"25/07/19","14775","篠澤 広","光景"
"25/07/19","15678","倉本 千奈","Howling over the World"
"25/07/20","15504","倉本 千奈","ようこそ初星温泉"
"25/07/20","15660","倉本 千奈","ようこそ初星温泉"
"25/07/20","15822","倉本 千奈","ようこそ初星温泉"
"25/07/20","15828","倉本 千奈","ようこそ初星温泉"
"25/07/21","14460","篠澤 広","ハッピーミルフィーユ"
"25/07/21","14835","倉本 千奈","ようこそ初星温泉"
"25/07/21","15441","篠澤 広","コントラスト"
"25/07/22","14190","篠澤 広","ハッピーミルフィーユ"
"25/07/22","14658","倉本 千奈","ようこそ初星温泉"
"25/07/22","14829","篠澤 広","ハッピーミルフィーユ"
"25/07/22","14895","篠澤 広","コントラスト"
"25/07/23","14859","倉本 千奈","仮装狂騒曲"
"25/07/23","15126","倉本 千奈","日々、発見的ステップ！"
"25/07/23","15462","倉本 千奈","日々、発見的ステップ！"
"25/07/24","14742","篠澤 広","ハッピーミルフィーユ"
"25/07/24","14793","倉本 千奈","日々、発見的ステップ！"
"25/07/24","14817","篠澤 広","コントラスト"
"25/07/24","15576","倉本 千奈","日々、発見的ステップ！"
"25/07/25","14070","篠澤 広","ハッピーミルフィーユ"
"25/07/25","14511","倉本 千奈","Howling over the World"
"25/07/25","14727","篠澤 広","ハッピーミルフィーユ"
"25/07/25","15258","倉本 千奈","日々、発見的ステップ！"
"25/07/26","15048","倉本 千奈","ようこそ初星温泉"
"25/07/26","15162","倉本 千奈","ようこそ初星温泉"
"25/07/27","14844","秦谷 美鈴","ツキノカメ"
"25/07/31","15372","十王 星南","小さな野望"
"25/07/31","15531","十王 星南","小さな野望"
"25/08/01","15504","十王 星南","小さな野望"
"25/08/01","15546","十王 星南","小さな野望"
"25/08/14","15132","藤田 ことね","Campus mode!!"
"25/08/14","15498","藤田 ことね","Campus mode!!"
"25/08/14","15546","藤田 ことね","Campus mode!!"
"25/08/14","15732","藤田 ことね","Campus mode!!"
"25/08/15","14445","花海 佑芽","Campus mode!!"
"25/08/16","15246","藤田 ことね","White Night! White Wish!"
"25/08/16","15966","藤田 ことね","White Night! White Wish!"
"25/08/16","16008","藤田 ことね","White Night! White Wish!"
"25/08/16","16248","藤田 ことね","White Night! White Wish!"
"25/08/16","16467","藤田 ことね","White Night! White Wish!"
"25/08/17","15951","藤田 ことね","White Night! White Wish!"
"25/08/18","16113","藤田 ことね","Yellow Big Bang！"
"25/08/20","15729","藤田 ことね","世界一可愛い私"
"25/08/20","16194","藤田 ことね","世界一可愛い私"
"25/08/20","16305","藤田 ことね","世界一可愛い私"
"25/08/21","15825","藤田 ことね","世界一可愛い私"
"25/08/21","16308","藤田 ことね","世界一可愛い私"
"25/08/22","15699","藤田 ことね","世界一可愛い私"
"25/08/22","16122","藤田 ことね","世界一可愛い私"
"25/08/22","16125","藤田 ことね","世界一可愛い私"
"25/08/23","14715","花海 咲季","Campus mode!!"
"25/08/23","15006","姫崎 莉波","Campus mode!!"
"25/08/23","15030","有村 麻央","Campus mode!!"
"25/08/23","15039","倉本 千奈","Wonder Scale"
"25/08/23","15309","月村 手毬","Luna say maybe"
"25/08/23","15591","倉本 千奈","Wonder Scale"
"25/08/23","15921","藤田 ことね","世界一可愛い私"
"25/08/24","14313","姫崎 莉波","Campus mode!!"
"25/08/24","14715","倉本 千奈","Howling over the World"
"25/08/24","14727","有村 麻央","Campus mode!!"
"25/08/24","14922","篠澤 広","光景"
"25/08/24","15108","花海 佑芽","Campus mode!!"
"25/08/24","15375","葛城 リーリヤ","Howling over the World"
"25/08/24","15519","秦谷 美鈴","ツキノカメ"
"25/08/24","15642","十王 星南","Campus mode!!"
"25/08/25","14907","十王 星南","Campus mode!!"
"25/08/25","15267","十王 星南","Campus mode!!"
"25/08/25","15918","十王 星南","Campus mode!!"
"25/08/26","14067","秦谷 美鈴","Star-mine"
"25/08/26","14382","秦谷 美鈴","Star-mine"
"25/08/26","14478","秦谷 美鈴","Star-mine"
"25/08/26","14820","秦谷 美鈴","Star-mine"
"25/08/26","14832","秦谷 美鈴","Star-mine"
"25/08/27","14253","花海 咲季","Campus mode!!"
"25/08/27","14460","花海 咲季","Campus mode!!"
"25/08/27","14685","花海 咲季","Campus mode!!"
"25/08/27","15024","花海 咲季","Campus mode!!"
"25/08/27","15135","秦谷 美鈴","Star-mine"
"25/08/28","14502","花海 咲季","Campus mode!!"
"25/08/28","14997","秦谷 美鈴","Star-mine"
"25/08/28","15054","秦谷 美鈴","Star-mine"
"25/08/28","15609","秦谷 美鈴","Star-mine"
"25/08/29","14826","秦谷 美鈴","Star-mine"
"25/08/30","15102","紫雲 清夏","ミラクルナナウ(ﾟ∀ﾟ)！"
"25/08/30","15462","紫雲 清夏","ミラクルナナウ(ﾟ∀ﾟ)！"
"25/08/30","15468","紫雲 清夏","ミラクルナナウ(ﾟ∀ﾟ)！"
"25/08/30","15900","紫雲 清夏","ミラクルナナウ(ﾟ∀ﾟ)！"
"25/08/31","15264","花海 佑芽","The Rolling Riceball"
"25/08/31","15906","紫雲 清夏","ミラクルナナウ(ﾟ∀ﾟ)！"
"25/09/01","15120","紫雲 清夏","ミラクルナナウ(ﾟ∀ﾟ)！"
"25/09/01","15189","紫雲 清夏","ミラクルナナウ(ﾟ∀ﾟ)！"
"25/09/01","15414","紫雲 清夏","ミラクルナナウ(ﾟ∀ﾟ)！"
"25/09/01","15798","紫雲 清夏","ミラクルナナウ(ﾟ∀ﾟ)！"
"25/09/02","15804","十王 星南","Campus mode!!"
"25/09/03","15750","十王 星南","Campus mode!!"
"25/09/03","15933","十王 星南","Campus mode!!"
"25/09/03","16101","十王 星南","Campus mode!!"
"25/09/04","15498","十王 星南","Campus mode!!"
"25/09/04","15576","十王 星南","Campus mode!!"
"25/09/04","15582","十王 星南","Campus mode!!"
"25/09/06","15765","十王 星南","Campus mode!!"
"25/09/07","15510","十王 星南","Campus mode!!"
"25/09/08","15282","花海 佑芽","Campus mode!!"
"25/09/08","15948","紫雲 清夏","Campus mode!!"
"25/09/09","14970","秦谷 美鈴","ツキノカメ"
"25/09/19","14808","有村 麻央","Feel Jewel Dream"
"25/09/19","15201","姫崎 莉波","Campus mode!!"
"25/09/20","16254","有村 麻央","Feel Jewel Dream"
"25/09/21","15009","姫崎 莉波","L.U.V"
"25/09/21","15888","姫崎 莉波","L.U.V"
"25/09/21","15966","有村 麻央","Feel Jewel Dream"
"25/09/21","16059","姫崎 莉波","L.U.V"
"25/09/22","16176","姫崎 莉波","clumsy trick"
"25/09/22","16383","姫崎 莉波","clumsy trick"
"25/09/22","16431","姫崎 莉波","clumsy trick"
"25/09/24","15126","姫崎 莉波","L.U.V"
"25/09/24","15186","姫崎 莉波","L.U.V"
"25/09/24","15396","姫崎 莉波","L.U.V"
"25/09/25","14865","有村 麻央","Campus mode!!"
"25/09/25","15486","有村 麻央","Campus mode!!"
"25/09/26","15219","有村 麻央","Campus mode!!"
"25/09/26","15321","姫崎 莉波","Campus mode!!"
"25/09/26","15630","姫崎 莉波","Campus mode!!"
"25/09/29","14697","倉本 千奈","Howling over the World"
"25/09/29","14868","秦谷 美鈴","ツキノカメ"
"25/09/30","14574","藤田 ことね","がむしゃらに行こう！"
"25/09/30","15498","藤田 ことね","Yellow Big Bang！"
"25/09/30","15687","藤田 ことね","がむしゃらに行こう！"
"25/09/30","15852","藤田 ことね","がむしゃらに行こう！"
"25/10/01","14799","藤田 ことね","がむしゃらに行こう！"
"25/10/01","15138","藤田 ことね","Yellow Big Bang！"
"25/10/01","15192","藤田 ことね","がむしゃらに行こう！"
"25/10/02","15069","藤田 ことね","がむしゃらに行こう！"
"25/10/02","15459","藤田 ことね","がむしゃらに行こう！"
"25/10/02","15579","藤田 ことね","がむしゃらに行こう！"
"25/10/03","15285","秦谷 美鈴","Campus mode!!"
"25/10/03","15534","藤田 ことね","がむしゃらに行こう！"
"25/10/03","15624","秦谷 美鈴","Campus mode!!"
"25/10/03","15918","藤田 ことね","Yellow Big Bang！"
"25/10/04","14574","花海 咲季","Campus mode!!"
"25/10/05","14754","花海 咲季","Campus mode!!"
"25/10/06","14736","藤田 ことね","Yellow Big Bang！"
"25/10/06","14973","藤田 ことね","Yellow Big Bang！"
"25/10/06","15594","藤田 ことね","がむしゃらに行こう！"
"25/10/06","15984","藤田 ことね","世界一可愛い私"
"25/10/07","15174","藤田 ことね","がむしゃらに行こう！"
"25/10/07","15291","藤田 ことね","がむしゃらに行こう！"
"25/10/08","14706","藤田 ことね","がむしゃらに行こう！"
"25/10/08","14910","藤田 ことね","がむしゃらに行こう！"
"25/10/09","15261","藤田 ことね","がむしゃらに行こう！"
"25/10/13","15207","葛城 リーリヤ","Howling over the World"
"25/10/15","15783","秦谷 美鈴","ツキノカメ"
"25/10/19","16206","葛城 リーリヤ","白線"
"25/10/21","15093","倉本 千奈","ようこそ初星温泉"
"25/10/21","16014","紫雲 清夏","Campus mode!!"
"25/10/24","15678","倉本 千奈","空と約束"
"25/10/25","15132","倉本 千奈","空と約束"
"25/10/26","14421","倉本 千奈","日々、発見的ステップ！"
"25/10/27","14472","倉本 千奈","空と約束"
"25/10/27","14673","倉本 千奈","日々、発見的ステップ！"
"25/10/27","14865","倉本 千奈","日々、発見的ステップ！"
"25/10/27","14985","紫雲 清夏","Love & Joy"
"25/10/28","15306","紫雲 清夏","Tame-Lie-One-Step"
"25/10/28","15762","紫雲 清夏","Tame-Lie-One-Step"
"25/10/28","15939","紫雲 清夏","Tame-Lie-One-Step"
"25/10/29","14871","紫雲 清夏","Tame-Lie-One-Step"
"25/10/30","16086","有村 麻央","Feel Jewel Dream"
"25/10/31","15438","有村 麻央","Fluorite"
"25/10/31","15756","花海 佑芽","The Rolling Riceball"
"25/10/31","16530","有村 麻央","Fluorite"
"25/11/01","15012","有村 麻央","Campus mode!!"
"25/11/01","15195","有村 麻央","Fluorite"
"25/11/01","15348","有村 麻央","Feel Jewel Dream"
"25/11/01","15510","有村 麻央","Fluorite"
"25/11/02","16278","有村 麻央","Fluorite"
"25/11/03","15972","有村 麻央","Fluorite"
"25/11/03","16497","有村 麻央","Fluorite"
"25/11/04","16182","花海 佑芽","The Rolling Riceball"
"25/11/04","16335","花海 佑芽","The Rolling Riceball"
"25/11/05","15318","有村 麻央","キミとセミブルー"
"25/11/05","15966","有村 麻央","キミとセミブルー"
"25/11/05","16299","有村 麻央","キミとセミブルー"
"25/11/06","16008","有村 麻央","キミとセミブルー"
"25/11/06","16032","有村 麻央","キミとセミブルー"
"25/11/07","15828","花海 佑芽","The Rolling Riceball"
"25/11/08","15597","花海 佑芽","The Rolling Riceball"
"25/11/09","16236","花海 佑芽","The Rolling Riceball"
"25/11/10","14739","月村 手毬","仮装狂騒曲"
"25/11/10","15360","月村 手毬","仮装狂騒曲"
"25/11/11","14742","月村 手毬","仮装狂騒曲"
"25/11/11","16326","葛城 リーリヤ","白線"
"25/11/12","15012","月村 手毬","仮装狂騒曲"
"25/11/12","15387","月村 手毬","仮装狂騒曲"
"25/11/12","15423","月村 手毬","仮装狂騒曲"
"25/11/13","15237","月村 手毬","仮装狂騒曲"
"25/11/13","15327","月村 手毬","仮装狂騒曲"
"25/11/13","15561","月村 手毬","仮装狂騒曲"
"25/11/14","15165","紫雲 清夏","Tame-Lie-One-Step"
"25/11/14","15273","紫雲 清夏","Tame-Lie-One-Step"
"25/11/14","15327","紫雲 清夏","Tame-Lie-One-Step"
"25/11/15","15198","紫雲 清夏","Tame-Lie-One-Step"
"25/11/16","3663","篠澤 広","学園生活"
"25/11/16","3708","倉本 千奈","学園生活"
"25/11/25","14424","秦谷 美鈴","Star-mine"
"25/11/25","15501","姫崎 莉波","ようこそ初星温泉"
"25/11/26","15756","紫雲 清夏","カクシタワタシ"
"25/11/27","13953","紫雲 清夏","カクシタワタシ"
"25/11/27","14535","紫雲 清夏","カクシタワタシ"
"25/11/27","15030","紫雲 清夏","カクシタワタシ"
"25/11/29","15462","十王 星南","小さな野望"
"25/11/30","14592","花海 佑芽","グースーピー"
"25/11/30","14655","花海 佑芽","グースーピー"
"25/12/01","14031","花海 佑芽","グースーピー"
"25/12/01","14586","花海 佑芽","グースーピー"
"25/12/01","14724","花海 佑芽","グースーピー"
"25/12/01","15072","花海 佑芽","グースーピー"
"25/12/01","15465","花海 佑芽","グースーピー"
"25/12/02","15252","花海 佑芽","グースーピー"
"25/12/02","15399","花海 佑芽","グースーピー"
"25/12/03","14967","花海 佑芽","グースーピー"
"25/12/04","15339","花海 佑芽","グースーピー"
"25/12/05","15417","花海 佑芽","グースーピー"
"25/12/06","14934","花海 佑芽","グースーピー"
"25/12/07","14844","十王 星南","小さな野望"
"25/12/07","15417","十王 星南","小さな野望"
"25/12/07","15636","十王 星南","小さな野望"
"25/12/08","15327","十王 星南","小さな野望"
"25/12/08","16002","葛城 リーリヤ","白線"
"25/12/09","15951","葛城 リーリヤ","白線"
"25/12/09","16248","葛城 リーリヤ","白線"
"25/12/10","15285","十王 星南","小さな野望"
"25/12/10","15318","葛城 リーリヤ","桜フォトグラフ"
"25/12/10","15603","葛城 リーリヤ","桜フォトグラフ"
"25/12/11","15795","十王 星南","Our Chant"
"25/12/11","16104","葛城 リーリヤ","白線"
"25/12/12","15336","葛城 リーリヤ","Howling over the World"
"25/12/12","16170","葛城 リーリヤ","白線"
"25/12/12","16224","葛城 リーリヤ","白線"
"25/12/17","15102","葛城 リーリヤ","Atmosphere"
"25/12/17","15687","葛城 リーリヤ","Atmosphere"
"25/12/17","15801","葛城 リーリヤ","Atmosphere"
"25/12/18","14886","葛城 リーリヤ","Atmosphere"
"25/12/23","15180","葛城 リーリヤ","Atmosphere"
"25/12/24","15297","倉本 千奈","空と約束"
"25/12/25","15693","倉本 千奈","空と約束"
"25/12/26","14673","雨夜 燕","理論武装して"
"25/12/26","16083","雨夜 燕","理論武装して"
"25/12/26","16140","雨夜 燕","理論武装して"
"25/12/27","15972","雨夜 燕","理論武装して"
"25/12/28","15168","花海 佑芽","Campus mode!!"
"25/12/30","16515","雨夜 燕","理論武装して"
"25/12/30","16521","雨夜 燕","理論武装して"
"26/01/02","17499","雨夜 燕","理論武装して"
"26/01/02","17643","雨夜 燕","理論武装して"
"26/01/03","17970","藤田 ことね","世界一可愛い私"
"26/01/04","17616","雨夜 燕","Campus mode!!"
"26/01/04","17811","雨夜 燕","Campus mode!!"
"26/01/05","16011","雨夜 燕","理論武装して"
"26/01/06","17163","倉本 千奈","空と約束"
"26/01/06","17424","倉本 千奈","空と約束"
"26/01/06","17589","雨夜 燕","Campus mode!!"
"26/01/07","17103","藤田 ことね","Yellow Big Bang！"
"26/01/07","17244","有村 麻央","Campus mode!!"
"26/01/07","17619","有村 麻央","Campus mode!!"
"26/01/08","16608","葛城 リーリヤ","極光"
"26/01/08","16680","葛城 リーリヤ","極光"
"26/01/09","17553","倉本 千奈","雪解けに"
"26/01/09","18039","有村 麻央","Campus mode!!"
"26/01/10","16491","葛城 リーリヤ","Howling over the World"
"26/01/10","16926","葛城 リーリヤ","Howling over the World"
"26/01/10","17340","葛城 リーリヤ","白線"
"26/01/11","16287","雨夜 燕","理論武装して"
"26/01/11","16674","藤田 ことね","がむしゃらに行こう！"
"26/01/11","17307","雨夜 燕","Campus mode!!"
"26/01/12","15003","雨夜 燕","Campus mode!!"
"26/01/12","16587","雨夜 燕","Campus mode!!"
"26/01/12","17181","雨夜 燕","Campus mode!!"
"26/01/12","17250","月村 手毬","アイヴイ"
"26/01/14","17034","十王 星南","小さな野望"
"26/01/14","17286","有村 麻央","Campus mode!!"
"26/01/14","17331","有村 麻央","Campus mode!!"
"26/01/15","15420","十王 星南","Star-mine"
"26/01/16","15063","十王 星南","Star-mine"
"26/01/16","15171","月村 手毬","Campus mode!!"
"26/01/16","15213","十王 星南","Star-mine"
"26/01/16","15690","月村 手毬","雨上がりのアイリス"
"26/01/16","15843","月村 手毬","雨上がりのアイリス"
"26/01/16","15906","月村 手毬","雨上がりのアイリス"
"26/01/17","15480","花海 咲季","がむしゃらに行こう！"
"26/01/17","15819","月村 手毬","雨上がりのアイリス"
"26/01/17","16086","月村 手毬","雨上がりのアイリス"
"26/01/17","16086","月村 手毬","雨上がりのアイリス"
"26/01/18","15348","花海 咲季","古今東西ちょちょいのちょい"
"26/01/18","15369","花海 咲季","古今東西ちょちょいのちょい"
"26/01/18","16113","花海 咲季","Fighting My Way"
"26/01/19","15777","花海 咲季","古今東西ちょちょいのちょい"
"26/01/20","16005","花海 咲季","古今東西ちょちょいのちょい"
"26/01/21","15111","月村 手毬","Campus mode!!"
"26/01/21","15171","月村 手毬","Campus mode!!"
"26/01/22","15147","月村 手毬","Campus mode!!"
"26/01/22","15390","月村 手毬","Campus mode!!"
"26/01/23","14877","花海 咲季","古今東西ちょちょいのちょい"
"26/01/23","15873","月村 手毬","Campus mode!!"
"26/01/24","15759","月村 手毬","Campus mode!!"
"26/01/25","15285","花海 咲季","古今東西ちょちょいのちょい"
"26/01/26","15471","月村 手毬","Campus mode!!"
"26/02/04","15312","篠澤 広","みちなるひろがる"
"26/02/04","15651","篠澤 広","みちなるひろがる"
"26/02/05","15546","篠澤 広","光景"
"26/02/05","15729","篠澤 広","みちなるひろがる"
"26/02/06","14646","篠澤 広","光景"
"26/02/06","16395","月村 手毬","アイヴイ"
"26/02/07","15609","篠澤 広","みちなるひろがる"
"26/02/07","16041","秦谷 美鈴","Campus mode!!"
"26/02/09","15777","篠澤 広","みちなるひろがる"
"26/02/09","15858","篠澤 広","みちなるひろがる"
"26/02/09","16092","十王 星南","赤裸々"
"26/02/09","16566","十王 星南","Our Chant"
"26/02/09","17118","雨夜 燕","理論武装して"
"26/02/10","16068","十王 星南","赤裸々"
"26/02/10","16089","十王 星南","赤裸々"
"26/02/10","16350","十王 星南","赤裸々"
"26/02/11","16260","十王 星南","赤裸々"
"26/02/11","16281","十王 星南","赤裸々"
"26/02/11","16422","十王 星南","ハッピーミルフィーユ"
"26/02/12","15519","十王 星南","赤裸々"
"26/02/12","16065","十王 星南","赤裸々"
"26/02/12","16146","十王 星南","赤裸々"
"26/02/12","16188","十王 星南","赤裸々"
"26/02/13","15975","雨夜 燕","理論武装して"
"26/02/14","15987","十王 星南","赤裸々"
"26/02/15","16158","十王 星南","赤裸々"
"26/02/16","16278","十王 星南","赤裸々"
"26/02/17","16323","十王 星南","赤裸々"
"26/02/17","16485","十王 星南","赤裸々"
"26/02/18","15093","姫崎 莉波","ハッピーミルフィーユ"
"26/02/18","15402","姫崎 莉波","ハッピーミルフィーユ"
"26/02/18","15723","十王 星南","小さな野望"
"26/02/18","16278","十王 星南","小さな野望"
"26/02/19","15426","十王 星南","赤裸々"
"26/02/19","15903","紫雲 清夏","Love & Joy"
"26/02/20","15459","紫雲 清夏","Love & Joy"
"26/02/20","16200","紫雲 清夏","Love & Joy"
"26/02/20","16602","紫雲 清夏","Love & Joy"
"26/02/21","15501","篠澤 広","みちなるひろがる"
"26/02/21","15801","篠澤 広","みちなるひろがる"
"26/02/21","15918","篠澤 広","みちなるひろがる"
"26/02/22","16116","篠澤 広","みちなるひろがる"
"26/02/22","16227","藤田 ことね","世界一可愛い私"
"26/02/22","16689","藤田 ことね","世界一可愛い私"
"26/02/23","15936","藤田 ことね","世界一可愛い私"
"26/02/23","16248","藤田 ことね","世界一可愛い私"
"26/02/24","15678","花海 佑芽","グースーピー"
"26/02/25","15753","花海 佑芽","Campus mode!!"
"26/02/25","16149","葛城 リーリヤ","Atmosphere"
"26/02/26","15870","有村 麻央","Campus mode!!"
"26/02/26","15918","有村 麻央","Campus mode!!"
"26/02/26","16068","倉本 千奈","ようこそ初星温泉"
"26/02/27","16575","倉本 千奈","ようこそ初星温泉"
"26/02/27","16812","倉本 千奈","ようこそ初星温泉"
"26/02/28","15858","倉本 千奈","日々、発見的ステップ！"
"26/03/02","15756","藤田 ことね","Yellow Big Bang！"
"26/03/02","16344","紫雲 清夏","Love & Joy"
"26/03/02","17073","紫雲 清夏","Love & Joy"
"26/03/03","16149","紫雲 清夏","Love & Joy"
"26/03/03","16515","紫雲 清夏","Love & Joy"
"26/03/03","16647","紫雲 清夏","Love & Joy"
"26/03/04","15894","葛城 リーリヤ","Atmosphere"
"26/03/04","16260","紫雲 清夏","Love & Joy"
"26/03/05","15456","葛城 リーリヤ","桜フォトグラフ"
"26/03/05","15552","葛城 リーリヤ","Atmosphere"
"26/03/05","15792","葛城 リーリヤ","桜フォトグラフ"
"26/03/05","15864","葛城 リーリヤ","桜フォトグラフ"
"26/03/05","15903","紫雲 清夏","カクシタワタシ"
"26/03/06","15612","紫雲 清夏","カクシタワタシ"
"26/03/06","15837","有村 麻央","Campus mode!!"
"26/03/07","15153","花海 佑芽","Campus mode!!"
"26/03/09","15474","倉本 千奈","Howling over the World"
"26/03/09","15477","倉本 千奈","Howling over the World"
"26/03/09","15654","秦谷 美鈴","Campus mode!!"
"26/03/09","15795","秦谷 美鈴","Campus mode!!"
"26/03/09","15852","秦谷 美鈴","Campus mode!!"
"26/03/09","16071","花海 佑芽","Campus mode!!"
"26/03/10","15186","花海 佑芽","Campus mode!!"
"26/03/10","15639","花海 佑芽","Campus mode!!"
"26/03/10","15804","花海 佑芽","Campus mode!!"
"26/03/16","15171","倉本 千奈","日々、発見的ステップ！"
"26/03/16","15783","姫崎 莉波","L.U.V"
"26/03/16","15843","姫崎 莉波","L.U.V"
"26/03/16","15954","倉本 千奈","ようこそ初星温泉"
"26/03/17","15924","葛城 リーリヤ","桜フォトグラフ"
"26/03/17","15981","姫崎 莉波","L.U.V"
"26/03/17","16161","姫崎 莉波","L.U.V"
"26/03/17","16320","姫崎 莉波","L.U.V"
"26/03/18","15519","花海 咲季","桜フォトグラフ"
"26/03/18","15903","花海 咲季","桜フォトグラフ"
"26/03/18","16011","花海 咲季","桜フォトグラフ"
"26/03/18","16125","花海 咲季","桜フォトグラフ"
"26/03/19","15666","花海 咲季","桜フォトグラフ"
"26/03/19","15972","花海 咲季","桜フォトグラフ"
"26/03/20","16299","花海 咲季","桜フォトグラフ"
"26/03/20","16302","花海 咲季","桜フォトグラフ"
"26/03/20","16440","葛城 リーリヤ","Atmosphere"
"26/03/20","16521","花海 咲季","桜フォトグラフ"
"26/03/21","15960","葛城 リーリヤ","Howling over the World"
"26/03/21","16596","葛城 リーリヤ","Atmosphere"
"26/03/21","16860","葛城 リーリヤ","白線"
"26/03/22","16317","葛城 リーリヤ","白線"
"26/03/22","16338","葛城 リーリヤ","白線"
"26/03/23","15303","姫崎 莉波","キミとセミブルー"
"26/03/23","15633","藤田 ことね","Yellow Big Bang！"
"26/03/23","15846","姫崎 莉波","Howling over the World"
"26/03/23","15993","藤田 ことね","Yellow Big Bang！"
"26/03/23","16317","姫崎 莉波","clumsy trick"
"26/03/24","15798","藤田 ことね","がむしゃらに行こう！"
"26/03/24","15975","姫崎 莉波","L.U.V"
"26/03/24","16020","藤田 ことね","がむしゃらに行こう！"
"26/03/24","16359","姫崎 莉波","L.U.V"
"26/03/25","16101","十王 星南","Our Chant"
"26/03/26","15699","藤田 ことね","Campus mode!!"
"26/03/26","16167","藤田 ことね","Campus mode!!"
"26/03/26","16419","十王 星南","Our Chant"
"26/03/26","16464","姫崎 莉波","L.U.V"
"26/03/29","16035","姫崎 莉波","Campus mode!!"
"26/03/30","15297","有村 麻央","Campus mode!!"
"26/03/30","16332","姫崎 莉波","Campus mode!!"
"26/03/31","16182","姫崎 莉波","Campus mode!!"
"26/04/01","15123","花海 佑芽","Campus mode!!"
"26/04/01","15210","姫崎 莉波","Campus mode!!"
"26/04/01","15357","秦谷 美鈴","Campus mode!!"
"26/04/01","16590","姫崎 莉波","Campus mode!!"
"26/04/02","14703","花海 佑芽","Campus mode!!"
"26/04/02","16278","倉本 千奈","日々、発見的ステップ！"
"26/04/02","16722","倉本 千奈","日々、発見的ステップ！"
"26/04/02","16953","倉本 千奈","Wonder Scale"
"26/04/03","15063","花海 佑芽","Campus mode!!"
"26/04/03","15195","秦谷 美鈴","ツキノカメ"
"26/04/03","15249","倉本 千奈","空と約束"
"26/04/05","15501","花海 咲季","桜フォトグラフ"
"26/04/05","15591","倉本 千奈","空と約束"
"26/04/05","15864","倉本 千奈","空と約束"
"26/04/05","16017","倉本 千奈","雪解けに"
"26/04/06","16080","花海 咲季","桜フォトグラフ"
"26/04/06","16272","花海 咲季","桜フォトグラフ"
"26/04/07","15459","花海 咲季","桜フォトグラフ"
"26/04/07","15558","花海 咲季","桜フォトグラフ"
"26/04/07","16137","花海 咲季","桜フォトグラフ"
"26/04/07","16455","花海 咲季","桜フォトグラフ"
"26/04/08","15324","十王 星南","Star-mine"
"26/04/09","15621","倉本 千奈","日々、発見的ステップ！"
"26/04/09","15732","倉本 千奈","日々、発見的ステップ！"
"26/04/09","15870","倉本 千奈","空と約束"
"26/04/09","16005","葛城 リーリヤ","Campus mode!!"
"26/04/10","15228","花海 佑芽","Campus mode!!"
"26/04/10","15297","葛城 リーリヤ","ときめきエモーション"
"26/04/10","15729","姫崎 莉波","Campus mode!!"
"26/04/10","16086","姫崎 莉波","Campus mode!!"
"26/04/10","16311","紫雲 清夏","ときめきエモーション"
"26/04/11","15195","葛城 リーリヤ","ときめきエモーション"
"26/04/11","15468","花海 佑芽","Campus mode!!"
"26/04/11","15840","姫崎 莉波","ようこそ初星温泉"
"26/04/11","16200","花海 佑芽","The Rolling Riceball"
"26/04/11","16962","姫崎 莉波","L.U.V"
"26/04/11","17079","花海 佑芽","The Rolling Riceball"
"26/04/12","15159","倉本 千奈","みちなるひろがる"
"26/04/12","15234","葛城 リーリヤ","ときめきエモーション"
"26/04/12","15780","葛城 リーリヤ","ときめきエモーション"
"26/04/12","16164","姫崎 莉波","ようこそ初星温泉"
"26/04/12","16476","葛城 リーリヤ","Howling over the World"
"26/04/12","17160","花海 佑芽","The Rolling Riceball"
"26/04/13","16326","紫雲 清夏","カクシタワタシ"
"26/04/13","16572","紫雲 清夏","ときめきエモーション"
"26/04/13","16704","紫雲 清夏","ときめきエモーション"
"26/04/14","15381","紫雲 清夏","ときめきエモーション"
"26/04/14","16215","紫雲 清夏","ときめきエモーション"
"26/04/15","17004","雨夜 燕","理論武装して"
"26/04/15","17361","雨夜 燕","理論武装して"
"26/04/16","16215","姫崎 莉波","Howling over the World"
"26/04/16","16530","花海 佑芽","The Rolling Riceball"
"26/04/16","16791","十王 星南","赤裸々"
"26/04/18","15777","花海 佑芽","The Rolling Riceball"
"26/04/19","16008","花海 佑芽","The Rolling Riceball"
"26/04/19","16197","花海 佑芽","The Rolling Riceball"
"26/04/19","16389","花海 佑芽","The Rolling Riceball"
"26/04/21","14949","篠澤 広","ミラクルナナウ(ﾟ∀ﾟ)！"
"26/04/21","15060","篠澤 広","ミラクルナナウ(ﾟ∀ﾟ)！"
"26/04/21","15534","篠澤 広","ミラクルナナウ(ﾟ∀ﾟ)！"
"26/04/22","14463","篠澤 広","ミラクルナナウ(ﾟ∀ﾟ)！"
"26/04/22","15975","紫雲 清夏","Love & Joy"
"26/04/23","15339","葛城 リーリヤ","ときめきエモーション"
"26/04/23","15399","葛城 リーリヤ","ときめきエモーション"
"26/04/27","15522","葛城 リーリヤ","ときめきエモーション"
"26/04/29","15645","篠澤 広","光景"
"26/04/29","15762","秦谷 美鈴","ENDLESS DANCE"
"26/04/30","16164","秦谷 美鈴","ツキノカメ"
"26/04/30","16191","秦谷 美鈴","ツキノカメ"
"26/04/30","16641","秦谷 美鈴","Campus mode!!"
"26/05/01","16053","秦谷 美鈴","ENDLESS DANCE"
"26/05/01","16599","秦谷 美鈴","ツキノカメ"
"26/05/01","16605","篠澤 広","光景"
"26/05/02","14949","篠澤 広","サンフェーデッド"
"26/05/02","15228","篠澤 広","みちなるひろがる"
"26/05/02","15309","篠澤 広","サンフェーデッド"
"26/05/03","15795","秦谷 美鈴","Campus mode!!"
"26/05/04","15672","篠澤 広","サンフェーデッド"
"26/05/04","15801","篠澤 広","サンフェーデッド"
"26/05/04","15825","秦谷 美鈴","Campus mode!!"
"26/05/04","16281","秦谷 美鈴","Campus mode!!"
"26/05/05","16122","秦谷 美鈴","ENDLESS DANCE"
"26/05/05","17064","秦谷 美鈴","Campus mode!!"
"26/05/06","15393","藤田 ことね","自己肯定感爆上げ↑↑しゅきしゅきソング"
"26/05/06","16578","藤田 ことね","自己肯定感爆上げ↑↑しゅきしゅきソング"
"26/05/07","16203","秦谷 美鈴","Campus mode!!"
"26/05/08","15750","十王 星南","Campus mode!!"
"26/05/10","15429","姫崎 莉波","36℃ U・B・U"
"26/05/10","15687","姫崎 莉波","36℃ U・B・U"
"26/05/11","15726","姫崎 莉波","36℃ U・B・U"
"26/05/11","15795","姫崎 莉波","36℃ U・B・U"
"26/05/12","3663","十王 星南","学園生活"
"26/05/12","3663","十王 星南","学園生活"
"26/05/12","3663","月村 手毬","学園生活"
"26/05/12","3663","秦谷 美鈴","学園生活"
"26/05/12","3663","秦谷 美鈴","学園生活"
"26/05/12","3663","花海 佑芽","学園生活"
"26/05/12","3663","花海 佑芽","学園生活"
"26/05/12","3663","花海 咲季","学園生活"
"26/05/12","3663","藤田 ことね","学園生活"
"26/05/12","3663","藤田 ことね","学園生活"
"26/05/13","15495","姫崎 莉波","36℃ U・B・U"
"26/05/15","15771","倉本 千奈","Campus mode!!"
"26/05/15","15987","十王 星南","赤裸々"
"26/05/15","16302","十王 星南","赤裸々"
"26/05/16","15807","倉本 千奈","Campus mode!!"
"26/05/16","17316","姫崎 莉波","Campus mode!!"
"26/05/16","17439","月村 手毬","ガラクタロード"
"26/05/17","17760","姫崎 莉波","ガラクタロード"
"26/05/17","17943","姫崎 莉波","ガラクタロード"
"26/05/17","18261","姫崎 莉波","ガラクタロード"
"26/05/17","18348","月村 手毬","ガラクタロード"
"26/05/17","18438","秦谷 美鈴","Star-mine"
"26/05/18","17433","有村 麻央","見て"
"26/05/18","17709","姫崎 莉波","ガラクタロード"
"26/05/18","17877","月村 手毬","ガラクタロード"
"26/05/18","18204","月村 手毬","ガラクタロード"
"26/05/19","17712","姫崎 莉波","ガラクタロード"
"26/05/19","18900","姫崎 莉波","ガラクタロード"
"26/05/20","18705","月村 手毬","ガラクタロード"
"26/05/20","19353","有村 麻央","Fluorite"
"26/05/20","20259","月村 手毬","Luna say maybe"
"26/05/21","18753","有村 麻央","見て"
"26/05/21","20010","月村 手毬","Campus mode!!"
"26/05/21","20169","月村 手毬","Campus mode!!"
"26/05/22","18996","有村 麻央","見て"
"26/05/22","19383","有村 麻央","Fluorite"
"26/05/23","19215","有村 麻央","見て"
"26/05/24","18165","秦谷 美鈴","Superlative"
"26/05/24","18597","月村 手毬","ガラクタロード"
"26/05/24","18717","秦谷 美鈴","Star-mine"
"26/05/24","18726","月村 手毬","ガラクタロード"
"26/05/24","19146","秦谷 美鈴","Star-mine"
"26/05/24","19446","秦谷 美鈴","Star-mine"
"26/05/25","18573","有村 麻央","Fluorite"
"26/05/25","18903","秦谷 美鈴","ツキノカメ"
"26/05/25","19128","有村 麻央","Fluorite"
"26/05/25","19254","有村 麻央","Fluorite"
"26/05/25","19293","有村 麻央","Fluorite"
"26/05/26","18525","篠澤 広","みちなるひろがる"
"26/05/26","18807","篠澤 広","みちなるひろがる"
"26/05/26","19284","秦谷 美鈴","ツキノカメ"
"26/05/26","19371","秦谷 美鈴","ツキノカメ"
"26/05/26","19464","倉本 千奈","みちなるひろがる"
"26/05/27","18618","篠澤 広","Campus mode!!"
"26/05/27","18744","篠澤 広","みちなるひろがる"
"26/05/27","18759","篠澤 広","みちなるひろがる"
"26/05/27","18903","倉本 千奈","Campus mode!!"
"26/05/27","20316","倉本 千奈","みちなるひろがる"
"26/05/28","18471","篠澤 広","ガラクタロード"
"26/05/28","18669","篠澤 広","Campus mode!!"
"26/05/28","18711","篠澤 広","Campus mode!!"
"26/05/28","18972","篠澤 広","ガラクタロード"
"26/05/29","18471","篠澤 広","ガラクタロード"
"26/05/29","18714","姫崎 莉波","ガラクタロード"
"26/05/29","19569","倉本 千奈","空と約束"
"26/05/29","20019","倉本 千奈","みちなるひろがる"
"26/05/30","19104","倉本 千奈","雪解けに"
"26/05/30","19620","倉本 千奈","空と約束"
"26/05/30","19725","倉本 千奈","空と約束"
"26/05/31","18696","篠澤 広","ガラクタロード"
"26/05/31","18798","篠澤 広","ガラクタロード"
"26/05/31","18843","篠澤 広","ガラクタロード"
"26/05/31","18867","篠澤 広","ガラクタロード"
"26/06/01","19026","月村 手毬","ガラクタロード"
"26/06/01","19161","月村 手毬","ガラクタロード"
"26/06/01","19614","月村 手毬","ガラクタロード"
"26/06/01","19623","月村 手毬","ガラクタロード"
"26/06/01","19638","月村 手毬","ガラクタロード"
"26/06/01","19827","月村 手毬","ガラクタロード"
"26/06/02","18534","有村 麻央","見て"
"26/06/02","18735","有村 麻央","見て"
"26/06/02","19125","有村 麻央","見て"
"26/06/02","19149","有村 麻央","見て"
"26/06/03","19320","月村 手毬","ガラクタロード"
"26/06/03","19392","月村 手毬","ガラクタロード"
"26/06/04","19143","篠澤 広","ガラクタロード"
"26/06/04","19146","篠澤 広","ガラクタロード"
"26/06/04","19341","篠澤 広","ガラクタロード"
"26/06/04","19515","月村 手毬","ガラクタロード"
"26/06/05","18354","葛城 リーリヤ","ときめきエモーション"
"26/06/05","18750","紫雲 清夏","Campus mode!!"
"26/06/05","18912","葛城 リーリヤ","ときめきエモーション"
"26/06/05","19251","篠澤 広","ガラクタロード"
"26/06/05","19299","篠澤 広","ガラクタロード"
"26/06/05","19689","倉本 千奈","空と約束"
"26/06/06","18897","葛城 リーリヤ","ガラクタロード"
"26/06/06","18966","葛城 リーリヤ","ガラクタロード"
"26/06/06","19248","紫雲 清夏","Love & Joy"
"26/06/06","19368","紫雲 清夏","Love & Joy"
"26/06/06","19509","紫雲 清夏","Love & Joy"
"26/06/07","18993","紫雲 清夏","Campus mode!!"
"26/06/07","19149","葛城 リーリヤ","Howling over the World"
"26/06/07","19524","紫雲 清夏","Campus mode!!"
"26/06/07","19803","紫雲 清夏","Campus mode!!"
"26/06/08","18942","葛城 リーリヤ","ガラクタロード"
"26/06/08","19011","葛城 リーリヤ","ガラクタロード"
"26/06/08","19386","秦谷 美鈴","Campus mode!!"
"26/06/08","19464","秦谷 美鈴","Superlative"
"26/06/08","19788","秦谷 美鈴","Campus mode!!"
"26/06/09","19362","篠澤 広","光景"
"26/06/09","19611","秦谷 美鈴","Campus mode!!"
"26/06/09","20484","倉本 千奈","ようこそ初星温泉"
"26/06/10","19044","秦谷 美鈴","Campus mode!!"
"26/06/10","19323","月村 手毬","ガラクタロード"
"26/06/10","19440","月村 手毬","ガラクタロード"
"26/06/10","19479","月村 手毬","ガラクタロード"
"26/06/11","18843","葛城 リーリヤ","ガラクタロード"
"26/06/11","18864","葛城 リーリヤ","ガラクタロード"
"26/06/11","20142","葛城 リーリヤ","ときめきエモーション"
"26/06/12","19248","月村 手毬","一体いつから"
"26/06/12","19866","葛城 リーリヤ","ときめきエモーション"
"26/06/13","19314","篠澤 広","ミラクルナナウ(ﾟ∀ﾟ)！"
"26/06/13","19371","葛城 リーリヤ","Atmosphere"
"26/06/13","19395","篠澤 広","ミラクルナナウ(ﾟ∀ﾟ)！"
"26/06/14","195353","秦谷 美鈴","ツキノカメ"
"26/06/14","19542","姫崎 莉波","ようこそ初星温泉"
"26/06/14","19560","倉本 千奈","ようこそ初星温泉"
"26/06/14","19578","姫崎 莉波","ようこそ初星温泉"
"26/06/14","19848","倉本 千奈","ようこそ初星温泉"
"26/06/15","18846","有村 麻央","SUGAR FLAVOR"
"26/06/15","19092","姫崎 莉波","ガラクタロード"
"26/06/15","19257","姫崎 莉波","ガラクタロード"
"26/06/15","19848","倉本 千奈","ようこそ初星温泉"
"26/06/16","18933","有村 麻央","SUGAR FLAVOR"
"26/06/16","19236","有村 麻央","SUGAR FLAVOR"
"26/06/16","19467","有村 麻央","SUGAR FLAVOR"
"26/06/16","19497","有村 麻央","SUGAR FLAVOR"
"26/06/17","19104","有村 麻央","SUGAR FLAVOR"
"26/06/17","19104","有村 麻央","SUGAR FLAVOR"
"26/06/17","19185","有村 麻央","SUGAR FLAVOR"
"26/06/17","19665","有村 麻央","SUGAR FLAVOR"
"26/06/18","18255","姫崎 莉波","ハッピーミルフィーユ"
"26/06/18","18555","有村 麻央","Campus mode!!"
"26/06/18","19035","姫崎 莉波","ガラクタロード"
"26/06/18","19206","姫崎 莉波","ガラクタロード"
